{"cameraMode":{"drawMode":0,"name":"Shaded","section":"Shading Mode"},"sceneLighting":true,"audioPlay":false,"sceneViewState":{"showFog":true,"showMaterialUpdate":false,"showSkybox":true,"showFlares":true,"showImageEffects":true,"showParticleSystems":true},"in2DMode":false,"pivot":{"x":29.4486141204834,"y":1.5674591064453126,"z":35.168853759765628},"rotation":{"x":-0.1042366772890091,"y":0.7123607397079468,"z":-0.10831712931394577,"w":-0.6855252981185913},"size":47.87216567993164,"orthographic":false}